time_ext,rate_ext,minHPD_ext,maxHPD_ext
-0.025010681,1.136057987,0.133280875,1.302602329
-0.075032044,1.136057987,0.133280875,1.302602329
-0.125053407,1.136057987,0.133280875,1.302602329
-0.17507477,1.136057987,0.133280875,1.302602329
-0.225096132,1.136057987,0.133280875,1.302602329
-0.275117495,1.136057987,0.133280875,1.302602329
-0.325138858,1.136057987,0.133280875,1.302602329
-0.37516022,1.136057987,0.133280875,1.302602329
-0.425181583,1.136057987,0.133280875,1.302602329
-0.475202946,1.136057987,0.133280875,1.302602329
-0.525224309,1.136057987,0.133280875,1.302602329
-0.575245671,1.136057987,0.133280875,1.302602329
-0.625267034,1.136057987,0.133280875,1.302602329
-0.675288397,1.136057987,0.133280875,1.302602329
-0.72530976,1.136057987,0.133280875,1.302602329
-0.775331122,1.136057987,0.133280875,1.302602329
-0.825352485,1.136057987,0.133280875,1.302602329
-0.875373848,1.136057987,0.133280875,1.302602329
-0.925395211,1.136057987,0.133280875,1.302602329
-0.975416573,1.136057987,0.133280875,1.302602329
-1.025437936,1.136057987,0.133280875,1.302602329
-1.075459299,0.17877839,0.031723763,1.196550125
-1.125480661,0.164716652,0.000447475,0.467914296
-1.175502024,0.164716652,0.000447475,0.467914296
-1.225523387,0.164716652,0.000447475,0.467914296
-1.27554475,0.164716652,0.000447475,0.467914296
-1.325566112,0.164716652,0.000447475,0.467914296
-1.375587475,0.164716652,0.000447475,0.467914296
-1.425608838,0.164716652,0.000447475,0.467914296
-1.475630201,0.164716652,0.000447475,0.467914296
-1.525651563,0.164716652,0.000447475,0.467914296
-1.575672926,0.164716652,0.000447475,0.467914296
-1.625694289,0.164716652,0.000447475,0.467914296
-1.675715652,0.164716652,0.000447475,0.467914296
-1.725737014,0.164716652,0.000447475,0.467914296
-1.775758377,0.164716652,0.000447475,0.467914296
-1.82577974,0.164716652,0.000447475,0.467914296
-1.875801102,0.164716652,0.000447475,0.467914296
-1.925822465,0.164716652,0.000447475,0.467914296
-1.975843828,0.164716652,0.000447475,0.467914296
-2.025865191,0.164716652,0.000447475,0.467914296
-2.075886553,0.167986553,0.000354511,0.471591983
-2.125907916,0.175882417,0.035223959,0.483229521
-2.175929279,0.175946138,0.035434672,0.483370382
-2.225950642,0.175962042,0.035434672,0.483370382
-2.275972004,0.17627045,0.036826866,0.483727868
-2.325993367,0.176326301,0.036763695,0.483727868
-2.37601473,0.176340121,0.036763695,0.483797994
-2.426036093,0.176374168,0.036763695,0.483797994
-2.476057455,0.1764277,0.035434672,0.482673252
-2.526078818,0.177389192,0.035444799,0.483357376
-2.576100181,0.18023267,0.037083513,0.495868593
-2.626121543,0.18118861,0.035434672,0.500820213
-2.676142906,0.182330697,0.035434672,0.506880552
-2.726164269,0.182646046,0.035434672,0.507332795
-2.776185632,0.182668476,0.035434672,0.507332795
-2.826206994,0.182675346,0.035434672,0.507332795
-2.876228357,0.18295717,0.035326893,0.507949955
-2.92624972,0.182962125,0.035326893,0.507982748
-2.976271083,0.183025974,0.035240594,0.507949955
-3.026292445,0.1830246,0.035235054,0.507949955
-3.076313808,0.18301852,0.035235054,0.507982748
-3.126335171,0.182868325,0.035235054,0.507982748
-3.176356533,0.182788623,0.035193566,0.507982748
-3.226377896,0.182786009,0.035193566,0.507982748
-3.276399259,0.182825389,0.035235054,0.507949955
-3.326420622,0.182844589,0.035193566,0.507982748
-3.376441984,0.18276943,0.035109209,0.507949955
-3.426463347,0.182755054,0.035081961,0.507949955
-3.47648471,0.182726691,0.035030801,0.507982748
-3.526506073,0.182707608,0.035030801,0.508092794
-3.576527435,0.182678098,0.035030801,0.508092794
-3.626548798,0.174791186,0.0332631,0.498805667
-3.676570161,0.170885004,0.033951113,0.48644997
-3.726591524,0.166988799,0.033983647,0.48644997
-3.776612886,0.165903028,0.033887459,0.480999156
-3.826634249,0.165847731,0.033951113,0.480856346
-3.876655612,0.165847731,0.033923074,0.480856346
-3.926676974,0.165333649,0.034219984,0.480453845
-3.976698337,0.164741627,0.034251699,0.479483207
-4.0267197,0.164656739,0.034219984,0.479483207
-4.076741063,0.164574023,0.033907737,0.478941794
-4.126762425,0.16453647,0.033236402,0.47832747
-4.176783788,0.164519664,0.033236402,0.47832747
-4.226805151,0.16444114,0.034251699,0.479428688
-4.276826514,0.164402374,0.033887459,0.47933424
-4.326847876,0.164452866,0.03356859,0.480453845
-4.376869239,0.164535175,0.031645667,0.480494242
-4.426890602,0.16498496,0.030584572,0.495106097
-4.476911965,0.165525179,0.029430443,0.515229544
-4.526933327,0.165587588,0.029605029,0.521298107
-4.57695469,0.165876799,0.025243501,0.525893024
-4.626976053,0.166154441,0.023857619,0.543441279
-4.676997415,0.166183472,0.022682091,0.552564126
-4.727018778,0.166566939,0.02052561,0.575846941
-4.777040141,0.166602623,0.014704184,0.576970162
-4.827061504,0.166816184,0.02052561,0.618734198
-4.877082866,0.166852725,0.019131806,0.619102512
-4.927104229,0.167162096,0.014378448,0.651915593
-4.977125592,0.167175344,0.0131399,0.65393684
-5.027146955,0.167275259,0.015569099,0.674162603
-5.077168317,0.167284444,0.015171704,0.678610238
-5.12718968,0.167354198,0.0177661,0.685095568
-5.177211043,0.167624599,0.015747528,0.70993111
-5.227232406,0.167884095,0.022175007,0.72561664
-5.277253768,0.1680961,0.02052561,0.745889829
-5.327275131,0.168366497,0.019131806,0.76662099
-5.377296494,0.168731917,0.023375251,0.801692666
-5.427317856,0.168923445,0.025456423,0.815755172
-5.477339219,0.16917119,0.023375251,0.82483661
-5.527360582,0.169181452,0.028938615,0.831440506
-5.577381945,0.169277385,0.029523242,0.835823828
-5.627403307,0.16930573,0.029655896,0.8390068
-5.67742467,0.169393686,0.029523242,0.844716667
-5.727446033,0.169410662,0.029430443,0.846211787
-5.777467396,0.16952303,0.029968092,0.850185051
-5.827488758,0.169561354,0.029814841,0.850192997
-5.877510121,0.16955595,0.029605029,0.850125777
-5.927531484,0.169569236,0.028506093,0.850557654
-5.977552846,0.169599011,0.025874594,0.850192997
-6.027574209,0.169665191,0.027410015,0.855859817
-6.077595572,0.169675031,0.027063924,0.855859817
-6.127616935,0.169721066,0.029340427,0.860334762
-6.177638297,0.169723991,0.029340427,0.860441121
-6.22765966,0.169738449,0.029146875,0.860904351
-6.277681023,0.169736624,0.028938615,0.860805771
-6.327702386,0.169737932,0.028938615,0.860846006
-6.377723748,0.169743623,0.028250616,0.860904351
-6.427745111,0.169728962,0.026973112,0.860128007
-6.477766474,0.169705955,0.026973112,0.860805771
-6.527787837,0.169626864,0.022682091,0.858309075
-6.577809199,0.169383992,0.014888118,0.853045446
-6.627830562,0.16930573,0.014704184,0.853045446
-6.677851925,0.168989204,0.01407304,0.858309075
-6.727873287,0.168942012,0.014508213,0.860904351
-6.77789465,0.168937341,0.014687187,0.860805771
-6.827916013,0.168893433,0.002427468,0.850557654
-6.877937376,0.168878372,0.0072105,0.855859817
-6.927958738,0.168845871,0.0072105,0.856925176
-6.977980101,0.168816885,0.00703034,0.857068768
-7.028001464,0.168780289,0.00703034,0.857068768
-7.078022827,0.168769175,0.00470248,0.854838369
-7.128044189,0.168756985,0.00470248,0.854838369
-7.178065552,0.168750533,0.00470248,0.854838369
-7.228086915,0.168764546,0.00470248,0.854998503
-7.278108278,0.16875811,0.004319536,0.854838369
-7.32812964,0.168744477,0.002427468,0.853045446
-7.378151003,0.168730264,0.002427468,0.853045446
-7.428172366,0.168734113,0.005032028,0.855859817
-7.478193728,0.168717531,0.005032028,0.855859817
-7.528215091,0.16871875,0.005003506,0.855859817
-7.578236454,0.168709274,0.005003506,0.855859817
-7.628257817,0.168705226,0.005003506,0.855859817
-7.678279179,0.168716293,0.004447268,0.855859817
-7.728300542,0.168715382,0.004204263,0.855859817
-7.778321905,0.168697571,0.004204263,0.855859817
-7.828343268,0.168691003,0.003742535,0.855859817
-7.87836463,0.168695333,0.0072105,0.859710285
-7.928385993,0.16868823,0.0072105,0.859710285
-7.978407356,0.168685962,0.0072105,0.859710285
-8.028428719,0.168687096,0.002427468,0.854932851
-8.078450081,0.168685962,0.002427468,0.854998503
-8.128471444,0.168692033,0.002427468,0.854998503
-8.178492807,0.16868823,0.002427468,0.854998503
-8.228514169,0.168679069,0.002315303,0.854998503
-8.278535532,0.168667487,0.002932182,0.855792757
-8.328556895,0.168674645,0.002932182,0.855792757
-8.378578258,0.168677262,0.002932182,0.855792757
-8.42859962,0.168674645,0.002978161,0.855859817
-8.478620983,0.168681327,0.002932182,0.855859817
-8.528642346,0.168690637,0.002816348,0.855859817
-8.578663709,0.168699853,0.002710981,0.855859817
-8.628685071,0.16871329,0.002710981,0.855859817
-8.678706434,0.16871875,0.002710981,0.855859817
-8.728727797,0.168723549,0.002451589,0.855792757
-8.778749159,0.168744477,0.002451589,0.855792757
-8.828770522,0.168878372,0.002427468,0.855859817
-8.878791885,0.168872693,0.002315303,0.855859817
-8.928813248,0.168914857,0.001841675,0.855859817
-8.97883461,0.169582032,0.001952863,0.858725639
-9.028855973,0.169653821,0.001841675,0.858309075
-9.078877336,0.169885339,0.002219796,0.859393329
-9.128898699,0.170564316,0.001952863,0.860904351
-9.178920061,0.1705112,0.001952863,0.860904351
-9.228941424,0.171017436,0.002418924,0.863264011
-9.278962787,0.171186288,0.002418924,0.86437038
-9.32898415,0.171844303,0.00470248,0.869229429
-9.379005512,0.17193246,0.002418924,0.867715336
-9.429026875,0.171811773,0.002418924,0.867715336
-9.479048238,0.171977925,0.002932182,0.868420731
-9.5290696,0.171858891,0.002315303,0.869229429
-9.579090963,0.171835436,0.001952863,0.87795398
-9.629112326,0.171790382,0.002219796,0.881419002
-9.679133689,0.171661735,0.002898342,0.890383775
-9.729155051,0.171543107,0.002111405,0.893208303
-9.779176414,0.171642205,0.002418924,0.894025539
-9.829197777,0.171988533,0.002418924,0.894025539
-9.87921914,0.172104927,0.001841675,0.894937487
-9.929240502,0.171897247,0.002111405,0.897012309
-9.979261865,0.171800286,0.002074699,0.90214753
-10.02928323,0.172067538,0.00418964,0.909673272
-10.07930459,0.173729485,0.002315303,0.91281261
-10.12932595,0.174054387,0.003536408,0.914850522
-10.17934732,0.173852853,0.003536408,0.921469984
-10.22936868,0.174262471,0.009381436,0.932255501
-10.27939004,0.174030921,0.00409339,0.938912185
-10.3294114,0.174892068,0.003984731,0.960873492
-10.37943277,0.174758069,0.003552543,0.960873492
-10.42945413,0.175189962,0.003447986,0.96144688
-10.47947549,0.174512186,0.001210176,0.964318631
-10.52949686,0.174539028,0.001210176,0.965087384
-10.57951822,0.174715953,0.001648125,0.966244764
-10.62953958,0.175175161,0.001210176,0.966336178
-10.67956094,0.178754237,0.000682629,0.966435818
-10.72958231,0.17997523,0.000277711,0.971858727
-10.77960367,0.182295607,4.79356E-05,0.990801773
-10.82962503,0.184393877,4.79356E-05,0.997629691
-10.87964639,0.186624104,0.000161029,1.018219532
-10.92966776,0.188105058,4.79356E-05,1.023800627
-10.97968912,0.192164068,7.86903E-05,1.029724443
-11.02971048,0.193092014,0.000900325,1.079240244
-11.07973185,0.195018956,4.79356E-05,1.086636549
-11.12975321,0.200345283,0.000539492,1.122335288
-11.17977457,0.201672056,4.79356E-05,1.137995518
-11.22979593,0.206034796,4.79356E-05,1.137995518
-11.2798173,0.211184249,4.79356E-05,1.134958877
-11.32983866,0.232968177,4.79356E-05,1.091314953
-11.37986002,0.243925359,0.000539492,1.094643701
-11.42988138,0.262588808,4.79356E-05,1.096792609
-11.47990275,0.265441575,4.79356E-05,1.10785559
-11.52992411,0.273704345,4.79356E-05,1.111408826
-11.57994547,0.283372001,4.79356E-05,1.111851373
-11.62996684,0.287647906,4.79356E-05,1.112101782
-11.6799882,0.29051435,4.79356E-05,1.114650162
-11.73000956,0.302668438,4.79356E-05,1.130183686
-11.78003092,0.313857208,4.79356E-05,1.143812083
-11.83005229,0.316182064,0.000747164,1.150003822
-11.88007365,0.319501496,4.79356E-05,1.160506161
-11.93009501,0.323645031,4.79356E-05,1.175911003
-11.98011637,0.327173824,0.000747164,1.18782852
-12.03013774,0.328173127,0.000539492,1.187886687
-12.0801591,0.331984685,7.86903E-05,1.195310887
-12.13018046,0.334134483,1.29563E-06,1.195988262
-12.18020183,0.363828991,1.29563E-06,1.333058198
-12.23022319,0.364887146,4.79356E-05,1.334558254
-12.28024455,0.365936883,1.29563E-06,1.335338887
-12.33026591,0.369981572,4.79356E-05,1.355128243
-12.38028728,0.371969587,4.79356E-05,1.365140127
-12.43030864,0.372993987,4.79356E-05,1.365140127
-12.48033,0.374039473,1.29563E-06,1.365690524
-12.53035136,0.375292256,1.29563E-06,1.367180178
-12.58037273,0.376778093,1.29563E-06,1.368776686
-12.63039409,0.377920616,1.29563E-06,1.371267951
-12.68041545,0.38079231,4.79356E-05,1.371979125
-12.73043682,0.383299095,1.29563E-06,1.372814224
-12.78045818,0.384570237,1.29563E-06,1.373463116
-12.83047954,0.386809338,1.29563E-06,1.374159036
-12.8805009,0.388643725,1.29563E-06,1.379569811
-12.93052227,0.3906076,1.29563E-06,1.390137994
-12.98054363,0.392324366,1.29563E-06,1.391703843
-13.03056499,0.395223707,1.29563E-06,1.397570649
-13.08058635,0.396874738,1.29563E-06,1.400240293
-13.13060772,0.397546615,1.29563E-06,1.401859212
-13.18062908,0.398401426,1.29563E-06,1.421997835
-13.23065044,0.4005637,1.29563E-06,1.514005077
-13.28067181,0.406172086,1.29563E-06,2.000122493
-13.33069317,0.409677769,1.29563E-06,2.294867595
-13.38071453,0.411909021,1.29563E-06,2.417388649
-13.43073589,0.416521505,1.29563E-06,2.58450522
-13.48075726,0.417278089,1.29563E-06,2.597302799
-13.53077862,0.418001994,1.29563E-06,2.622455717
-13.58079998,0.418468524,1.29563E-06,2.633275722
-13.63082134,0.418921061,1.29563E-06,2.638456943
-13.68084271,0.419084049,1.29563E-06,2.645623252
-13.73086407,0.419090689,1.29563E-06,2.645623252
-13.78088543,0.419104789,1.29563E-06,2.647754624
-13.8309068,0.419053495,1.29563E-06,2.648603954
-13.88092816,0.419048027,1.29563E-06,2.64895579
-13.93094952,0.419037548,1.29563E-06,2.649780172
-13.98097088,0.418801853,1.29563E-06,2.650727809
-14.03099225,0.41843667,1.29563E-06,2.652607483
-14.08101361,0.417852867,1.29563E-06,2.653101484
-14.13103497,0.417789505,1.29563E-06,2.654020746
-14.18105633,0.417647566,1.29563E-06,2.655807199
-14.2310777,0.417564468,1.29563E-06,2.65692986
-14.28109906,0.417447801,1.29563E-06,2.65692986
-14.33112042,0.417306714,1.29563E-06,2.657962574
-14.38114179,0.387846385,1.29563E-06,2.659069367
-14.43116315,0.381582404,1.29563E-06,2.659268442
-14.48118451,0.381521975,1.29563E-06,2.660058507
-14.53120587,0.381341836,1.29563E-06,2.661980549
-14.58122724,0.381224009,1.29563E-06,2.662687863
-14.6312486,0.380262715,1.29563E-06,2.66347918
-14.68126996,0.379807633,1.29563E-06,2.664245397
-14.73129132,0.378680604,1.29563E-06,2.665085309
-14.78131269,0.378664896,1.29563E-06,2.666482179
-14.83133405,0.377989792,1.29563E-06,2.671166166
-14.88135541,0.377954782,1.29563E-06,2.673679154
-14.93137678,0.375881973,1.29563E-06,2.669020623
-14.98139814,0.376186456,1.29563E-06,2.672511828
-15.0314195,0.376155027,1.29563E-06,2.673840932
-15.08144086,0.37616796,1.29563E-06,2.676125033
-15.13146223,0.376506239,1.29563E-06,2.67685099
-15.18148359,0.377615752,1.29563E-06,2.692428694
-15.23150495,0.377856539,1.29563E-06,2.692428694
-15.28152631,0.377971744,1.29563E-06,2.693447412
-15.33154768,0.378585224,1.29563E-06,2.693447412
-15.38156904,0.382195588,1.29563E-06,2.697900529
-15.4315904,0.382197385,1.29563E-06,2.700722715
-15.48161177,0.382116304,1.29563E-06,2.701934618
-15.53163313,0.382041356,1.29563E-06,2.702927822
-15.58165449,0.381895602,1.29563E-06,2.702927822
-15.63167585,0.381601891,1.29563E-06,2.703546183
-15.68169722,0.38123966,1.29563E-06,2.704372969
-15.73171858,0.378126689,1.29563E-06,2.705419962
-15.78173994,0.384478974,1.29563E-06,2.706825748
-15.8317613,0.385125755,1.29563E-06,2.71423227
-15.88178267,0.386916281,1.29563E-06,2.717019489
-15.93180403,0.386613338,1.29563E-06,2.717573615
-15.98182539,0.391996597,1.29563E-06,2.718595423
-16.03184676,0.39643294,1.29563E-06,2.720811378
-16.08186812,0.398023291,1.29563E-06,2.726991
-16.13188948,0.402202951,1.29563E-06,2.728333371
-16.18191084,0.405302148,1.29563E-06,2.729214954
-16.23193221,0.406434052,1.29563E-06,2.729356664
-16.28195357,0.408247739,1.29563E-06,2.730532862
-16.33197493,0.407992055,1.29563E-06,2.733522864
-16.38199629,0.409022753,1.29563E-06,2.73527015
-16.43201766,0.409018551,1.29563E-06,2.73527015
-16.48203902,0.407843263,1.29563E-06,2.73527015
-16.53206038,0.407773396,1.29563E-06,2.736095289
-16.58208175,0.407784743,1.29563E-06,2.737782222
-16.63210311,0.407431947,1.29563E-06,2.737830615
-16.68212447,0.405604886,1.29563E-06,2.738408553
-16.73214583,0.405402742,1.29563E-06,2.738658912
-16.7821672,0.405302148,1.29563E-06,2.738934795
-16.83218856,0.405191322,1.29563E-06,2.738890382
-16.88220992,0.405168504,1.29563E-06,2.738890382
-16.93223128,0.404962443,1.29563E-06,2.738890382
-16.98225265,0.404941109,1.29563E-06,2.738934795
-17.03227401,0.404839288,1.29563E-06,2.738934795
-17.08229537,0.404726163,1.29563E-06,2.738934795
-17.13231674,0.404615317,1.29563E-06,2.73906227
-17.1823381,0.404494193,1.29563E-06,2.739269215
-17.23235946,0.404284075,1.29563E-06,2.739269215
-17.28238082,0.404211202,1.29563E-06,2.73906227
-17.33240219,0.404135793,1.29563E-06,2.73906227
-17.38242355,0.403995218,1.29563E-06,2.738934795
-17.43244491,0.403950816,1.29563E-06,2.739269215
-17.48246627,0.40384356,1.29563E-06,2.739354459
-17.53248764,0.40354682,1.29563E-06,2.739741304
-17.582509,0.4035377,1.29563E-06,2.739741304
-17.63253036,0.403504812,1.29563E-06,2.739818376
-17.68255173,0.403453944,1.29563E-06,2.739948912
-17.73257309,0.403297305,1.29563E-06,2.739948912
-17.78259445,0.403151404,1.29563E-06,2.739948912
-17.83261581,0.403161514,1.29563E-06,2.74194527
-17.88263718,0.403155624,1.29563E-06,2.74194527
-17.93265854,0.403089596,1.29563E-06,2.74194527
-17.9826799,0.403069806,1.29563E-06,2.742004103
-18.03270126,0.402994579,1.29563E-06,2.742004103
-18.08272263,0.402983869,1.29563E-06,2.742004103
-18.13274399,0.403014843,1.29563E-06,2.742004103
-18.18276535,0.402993258,1.29563E-06,2.742994445
-18.23278672,0.402884915,1.29563E-06,2.742994445
-18.28280808,0.402792874,1.29563E-06,2.742994445
-18.33282944,0.402751484,1.29563E-06,2.742994445
-18.3828508,0.402705689,1.29563E-06,2.742994445
-18.43287217,0.402629318,1.29563E-06,2.742994445
-18.48289353,0.402623841,4.79356E-05,2.743448939
-18.53291489,0.402529256,4.79356E-05,2.743448939
-18.58293625,0.40368624,4.79356E-05,2.743448939
-18.63295762,0.403941142,1.29563E-06,2.744144626
-18.68297898,0.404142621,1.29563E-06,2.744599676
-18.73300034,0.404257867,1.29563E-06,2.744599676
-18.78302171,0.404225084,1.29563E-06,2.744599676
-18.83304307,0.405142216,1.29563E-06,2.744599676
-18.88306443,0.40537914,1.29563E-06,2.746210562
-18.93308579,0.405894343,1.29563E-06,2.746630364
-18.98310716,0.405890341,1.29563E-06,2.746541462
-19.03312852,0.405812253,1.29563E-06,2.747660941
-19.08314988,0.405718094,1.29563E-06,2.747660941
-19.13317125,0.405675687,1.29563E-06,2.747723756
-19.18319261,0.40638343,1.29563E-06,2.749028767
-19.23321397,0.406483842,1.29563E-06,2.748610832
-19.28323533,0.406501327,1.29563E-06,2.750459751
-19.3332567,0.406579474,1.29563E-06,2.750920074
-19.38327806,0.406724441,1.29563E-06,2.750970397
-19.43329942,0.406950299,1.29563E-06,2.751255235
-19.48332078,0.407039605,1.29563E-06,2.751255235
-19.53334215,0.40717795,1.29563E-06,2.75199769
-19.58336351,0.407539335,1.29563E-06,2.752442847
-19.63338487,0.407593602,1.29563E-06,2.75199769
-19.68340624,0.407730391,1.29563E-06,2.75199769
-19.7334276,0.4079794,1.29563E-06,2.752442847
-19.78344896,0.408087361,1.29563E-06,2.754107451
-19.83347032,0.409496338,1.29563E-06,2.756509272
-19.88349169,0.410102079,1.29563E-06,2.756612477
-19.93351305,0.411467604,1.29563E-06,2.756965566
-19.98353441,0.412717834,1.29563E-06,2.756965566
-20.03355577,0.413039357,1.29563E-06,2.756612477
-20.08357714,0.413871156,1.29563E-06,2.758291321
-20.1335985,0.416379513,1.29563E-06,2.761896305
-20.18361986,0.417127185,1.29563E-06,2.762616003
-20.23364123,0.417591995,1.29563E-06,2.762284645
-20.28366259,0.417855392,1.29563E-06,2.76290073
-20.33368395,0.418852043,1.29563E-06,2.764463895
-20.38370531,0.41901508,1.29563E-06,2.765644174
-20.43372668,0.419165867,1.29563E-06,2.765724149
-20.48374804,0.419467184,1.29563E-06,2.765818722
-20.5337694,0.419614089,1.29563E-06,2.765862561
-20.58379076,0.41976374,1.29563E-06,2.766010036
-20.63381213,0.420063187,1.29563E-06,2.765818722
-20.68383349,0.420124241,1.29563E-06,2.765818722
-20.73385485,0.420179269,1.29563E-06,2.765862561
-20.78387622,0.420174368,1.29563E-06,2.765862561
-20.83389758,0.419559465,1.29563E-06,2.750970397
-20.88391894,0.419593632,1.29563E-06,2.747841289
-20.9339403,0.41969655,1.29563E-06,2.747886421
-20.98396167,0.42092429,1.29563E-06,2.750459751
-21.03398303,0.422248464,1.29563E-06,2.750459751
-21.08400439,0.424160198,1.29563E-06,2.750459751
-21.13402575,0.425476761,1.29563E-06,2.750920074
-21.18404712,0.425932566,1.29563E-06,2.751255235
-21.23406848,0.427475966,1.29563E-06,2.756965566
-21.28408984,0.428970456,1.29563E-06,2.763934915
-21.33411121,0.430617946,1.29563E-06,2.73669076
-21.38413257,0.432165703,1.29563E-06,2.744144626
-21.43415393,0.432715468,1.29563E-06,2.745059328
-21.48417529,0.435709028,1.29563E-06,2.711220443
-21.53419666,0.440462148,1.29563E-06,2.773695997
-21.58421802,0.44173911,1.29563E-06,2.785347646
-21.63423938,0.450726885,1.29563E-06,2.826014825
-21.68426074,0.459534876,1.29563E-06,2.848595537
-21.73428211,0.470427926,1.29563E-06,2.817421364
-21.78430347,0.500120449,1.29563E-06,2.907107319
-21.83432483,0.512102098,1.29563E-06,2.93361625
-21.8843462,0.517658944,1.29563E-06,2.870028023
-21.93436756,0.523122592,1.29563E-06,2.833470285
-21.98438892,0.556790454,1.29563E-06,2.862916654
-22.03441028,0.706732887,1.29563E-06,2.914618677
-22.08443165,0.736672158,1.29563E-06,2.87967513
-22.13445301,0.777494587,1.29563E-06,2.867412292
-22.18447437,0.74883542,1.29563E-06,2.767040067
-22.23449573,0.744009795,1.29563E-06,2.72054288
-22.2845171,0.771909752,4.79356E-05,2.72185304
-22.33453846,0.774112783,4.79356E-05,2.72185304
-22.38455982,0.777494587,4.79356E-05,2.72185304
-22.43458119,0.780542037,4.79356E-05,2.72185304
-22.48460255,0.777909579,0.000455765,2.72185022
-22.53462391,0.775216674,1.29563E-06,2.720718216
-22.58464527,0.774922605,1.29563E-06,2.720718216
-22.63466664,0.774952011,1.29563E-06,2.720718216
-22.684688,0.774922605,1.29563E-06,2.720718216
-22.73470936,0.774922605,1.29563E-06,2.720718216
-22.78473072,0.774922605,1.29563E-06,2.720718216
-22.83475209,0.774922605,1.29563E-06,2.720718216
-22.88477345,0.774922605,1.29563E-06,2.720718216
-22.93479481,0.774922605,1.29563E-06,2.720718216
-22.98481618,0.774922605,1.29563E-06,2.720718216
-23.03483754,0.772165904,1.29563E-06,2.720797736
-23.0848589,0.770796049,1.29563E-06,2.720797736
-23.13488026,0.439914243,1.29563E-06,2.220807116
-23.18490163,0.282599122,1.29563E-06,1.633629859
-23.23492299,0.25403063,1.29563E-06,1.599388271
-23.28494435,0.160974466,1.29563E-06,1.456481959
-23.33496571,0.150322816,1.29563E-06,1.432275203
-23.38498708,0.147363688,1.29563E-06,1.427030674
-23.43500844,0.124875123,1.29563E-06,1.287397
-23.4850298,0.105712512,1.29563E-06,0.969866853
-23.53505117,0.1046982,1.29563E-06,0.960300416
-23.58507253,0.097767857,1.29563E-06,0.692418777
-23.63509389,0.096983566,1.29563E-06,0.647599878
-23.68511525,0.095930958,1.29563E-06,0.602357648
-23.73513662,0.095780139,1.29563E-06,0.600876062
-23.78515798,0.095749745,1.29563E-06,0.60029963
-23.83517934,0.095665842,1.29563E-06,0.598897539
-23.8852007,0.095625489,1.29563E-06,0.596210843
-23.93522207,0.095555407,1.29563E-06,0.595989933
-23.98524343,0.095321763,1.29563E-06,0.585154708
-24.03526479,0.095296184,1.29563E-06,0.58527842
-24.08528616,0.095235655,1.29563E-06,0.584871434
-24.13530752,0.095209145,1.29563E-06,0.584430597
-24.18532888,0.095150529,1.29563E-06,0.58419151
-24.23535024,0.095117841,1.29563E-06,0.584183969
-24.28537161,0.095112663,1.50212E-05,0.584183969
-24.33539297,0.095066393,1.29563E-06,0.583665119
-24.38541433,0.095046658,1.29563E-06,0.583505082
-24.43543569,0.095044217,1.29563E-06,0.583505082
-24.48545706,0.095035106,1.29563E-06,0.583505082
-24.53547842,0.095012057,1.29563E-06,0.583505082
-24.58549978,0.095025822,1.29563E-06,0.583783059
-24.63552115,0.095091552,1.29563E-06,0.583847062
-24.68554251,0.095177896,1.29563E-06,0.585393457
-24.73556387,0.095074119,1.29563E-06,0.585154708
-24.78558523,0.095202149,1.29563E-06,0.585813995
-24.8356066,0.095194723,1.29563E-06,0.586356429
-24.88562796,0.095190206,1.29563E-06,0.586426124
-24.93564932,0.095346435,1.29563E-06,0.586948402
-24.98567068,0.09544885,1.29563E-06,0.588559255
-25.03569205,0.095793157,1.29563E-06,0.589954296
-25.08571341,0.095795654,1.29563E-06,0.59009772
-25.13573477,0.095935725,1.29563E-06,0.590818856
-25.18575614,0.096037137,1.29563E-06,0.591111016
-25.2357775,0.09706795,1.29563E-06,0.60607647
-25.28579886,0.09706259,2.10839E-06,0.608288935
-25.33582022,0.098497876,1.29563E-06,0.662216443
-25.38584159,0.100203115,1.29563E-06,0.690446871
-25.43586295,0.10144736,1.29563E-06,0.696814406
-25.48588431,0.102094826,0.000133312,0.703216376
-25.53590567,0.104048697,1.29563E-06,0.726884315
-25.58592704,0.106627019,1.29563E-06,0.745121311
-25.6359484,0.107613653,1.29563E-06,0.748402691
-25.68596976,0.108061764,1.29563E-06,0.748863356
-25.73599113,0.111714877,0.000133312,0.751942877
-25.78601249,0.112846377,1.29563E-06,0.765365838
-25.83603385,0.117855567,1.29563E-06,0.848080421
-25.88605521,0.130344086,1.29563E-06,0.992597812
-25.93607658,0.133607282,1.29563E-06,1.009602269
-25.98609794,0.137474607,1.29563E-06,1.017077854
-26.0361193,0.140080668,0.000539492,1.02291329
-26.08614066,0.144812931,0.000539492,1.025103462
-26.13616203,0.183998313,0.001004109,1.057629167
-26.18618339,0.184711419,0.001046224,1.060272661
-26.23620475,0.196539727,0.001046224,1.067403603
-26.28622612,0.192275034,0.001046224,1.067573994
-26.33624748,0.233135345,0.001046224,1.092363234
-26.38626884,0.253350933,0.00086893,1.099783806
-26.4362902,0.351300413,0.001046224,1.154537872
-26.48631157,0.371226088,0.001046224,1.160946155
-26.53633293,0.385161955,0.002930598,1.177083302
-26.58635429,0.393016767,0.001046224,1.176157225
-26.63637565,0.416573409,0.003385631,1.185110165
-26.68639702,0.446261137,0.003385631,1.205153573
-26.73641838,0.450264684,0.005450585,1.207695892
-26.78643974,0.46228404,0.001210176,1.213156121
-26.83646111,0.470072173,0.005211978,1.220192818
-26.88648247,0.482899608,0.00265018,1.221060756
-26.93650383,0.486878188,0.001176939,1.223212187
-26.98652519,0.49253563,0.001046224,1.223497866
-27.03654656,0.495279936,0.003385631,1.227090193
-27.08656792,0.496445737,0.002672863,1.226567232
-27.13658928,0.496385795,0.003311796,1.227167281
-27.18661064,0.411327186,0.001046224,1.20360871
-27.23663201,0.416613107,0.002672863,1.205986563
-27.28665337,0.417147074,0.002672863,1.206005085
-27.33667473,0.417161496,0.002452328,1.206092382
-27.3866961,0.416696868,0.001046224,1.204664585
-27.43671746,0.416681838,0.001166954,1.204833013
-27.48673882,0.414455049,0.001046224,1.204637775
-27.53676018,0.393247031,0.001046224,1.200234566
-27.58678155,0.374081337,0.001046224,1.199848351
-27.63680291,0.278712725,1.29563E-06,1.142052212
-27.68682427,0.247366003,1.29563E-06,1.111701249
-27.73684563,0.2460781,1.29563E-06,1.112205537
-27.786867,0.240627352,0.001046224,1.113908184
-27.83688836,0.237138756,0.000478633,1.125025087
-27.88690972,0.230353597,0.001046224,1.125025087
-27.93693109,0.227183811,0.001046224,1.125046083
-27.98695245,0.173088938,1.29563E-06,0.790206218
-28.03697381,0.173224663,0.001046224,0.793244349
-28.08699517,0.175909951,1.29563E-06,0.818106537
-28.13701654,0.175185143,0.00056692,0.80524394
-28.1870379,0.175237236,0.000900325,0.80524394
-28.23705926,0.174916613,1.29563E-06,0.788445589
-28.28708062,0.174288952,0.000539492,0.772393648
-28.33710199,0.174278345,0.001046224,0.771651833
-28.38712335,0.174249002,0.000539492,0.770235996
-28.43714471,0.174142938,1.29563E-06,0.769333371
-28.48716608,0.174133026,1.29563E-06,0.769333371
-28.53718744,0.174110015,1.29563E-06,0.769446795
-28.5872088,0.174239818,0.000478633,0.770995988
-28.63723016,0.174228343,0.000478633,0.770995988
-28.68725153,0.174235625,0.000478633,0.770995988
-28.73727289,0.174255296,0.000900325,0.771935854
-28.78729425,0.174273928,0.000684955,0.77185298
-28.83731562,0.174299873,0.000684955,0.771935854
-28.88733698,0.17430352,0.001046224,0.772393648
-28.93735834,0.174320176,0.000900325,0.772393648
-28.9873797,0.17432755,0.001046224,0.772596588
-29.03740107,0.174442528,0.000684955,0.772393648
-29.08742243,0.174615905,0.00045696,0.773031195
-29.13744379,0.174775311,4.79356E-05,0.773978552
-29.18746515,0.174838725,1.29563E-06,0.773978552
-29.23748652,0.174911637,0.000478633,0.775779597
-29.28750788,0.174934943,0.00045696,0.775779597
-29.33752924,0.175028845,1.29563E-06,0.775778013
-29.38755061,0.175193938,0.00045696,0.777340796
-29.43757197,0.175239323,0.00045696,0.777706666
-29.48759333,0.162282444,1.29563E-06,0.770995988
-29.53761469,0.148031144,1.29563E-06,0.725374577
-29.58763606,0.14804995,1.29563E-06,0.725952866
-29.63765742,0.148621549,1.29563E-06,0.76464653
-29.68767878,0.151264949,1.29563E-06,0.820079171
-29.73770014,0.155007319,1.29563E-06,0.880607498
-29.78772151,0.133838158,1.29563E-06,0.983302662
-29.83774287,0.138334414,1.29563E-06,1.046772165
-29.88776423,0.138887074,2.53376E-05,1.074543355
-29.9377856,0.141142476,1.29563E-06,1.102889869
-29.98780696,0.142381991,1.29563E-06,1.112484501
-30.03782832,0.143450967,1.29563E-06,1.127535375
-30.08784968,0.145053807,1.29563E-06,1.148932888
-30.13787105,0.148221052,1.29563E-06,1.187583363
-30.18789241,0.154803153,1.29563E-06,1.29622057
-30.23791377,0.15894052,1.29563E-06,1.343288649
-30.28793513,0.161186215,1.29563E-06,1.366261274
-30.3379565,0.16652045,1.29563E-06,1.413589387
-30.38797786,0.167652976,1.29563E-06,1.431081576
-30.43799922,0.168371743,4.83023E-07,1.447754752
-30.48802059,0.169245157,4.83023E-07,1.46232018
-30.53804195,0.168544667,4.83023E-07,1.474764237
-30.58806331,0.16698281,4.83023E-07,1.47911631
-30.63808467,0.16387437,4.83023E-07,1.510890381
-30.68810604,0.162684825,4.83023E-07,1.524508487
-30.7381274,0.162259645,4.83023E-07,1.541102593
-30.78814876,0.161543812,4.83023E-07,1.547005638
-30.83817012,0.161581443,4.83023E-07,1.547539771
-30.88819149,0.161195404,4.83023E-07,1.549450004
-30.93821285,0.160788056,4.83023E-07,1.553411439
-30.98823421,0.160460742,4.83023E-07,1.561200777
-31.03825558,0.160275891,4.83023E-07,1.562639777
-31.08827694,0.160176729,4.83023E-07,1.563708367
-31.1382983,0.160070467,4.83023E-07,1.56652995
-31.18831966,0.159973123,4.83023E-07,1.568616524
-31.23834103,0.159973123,4.83023E-07,1.568675432
-31.28836239,0.159947012,4.83023E-07,1.568693326
-31.33838375,0.159943958,4.83023E-07,1.569673507
-31.38840511,0.159952149,4.83023E-07,1.569673507
-31.43842648,0.159955357,4.83023E-07,1.569673507
-31.48844784,0.159890516,4.83023E-07,1.569749463
-31.5384692,0.159893163,4.83023E-07,1.570057824
-31.58849057,0.159809758,4.83023E-07,1.570195207
-31.63851193,0.159817643,4.83023E-07,1.570172287
-31.68853329,0.159817643,4.83023E-07,1.570172287
-31.73855465,0.159830693,4.83023E-07,1.570195207
-31.78857602,0.15983235,4.83023E-07,1.570361223
-31.83859738,0.159841389,4.83023E-07,1.570908503
-31.88861874,0.15983235,4.83023E-07,1.570908503
-31.9386401,0.159830693,4.83023E-07,1.570908503
-31.98866147,0.159847309,4.83023E-07,1.570908503
-32.03868283,0.159848923,4.83023E-07,1.570908503
-32.08870419,0.159862496,4.83023E-07,1.570908503
-32.13872556,0.159872971,4.83023E-07,1.570908503
-32.18874692,0.15996232,4.83023E-07,1.571329244
-32.23876828,0.160000094,4.83023E-07,1.571604455
-32.28878964,0.16001973,4.83023E-07,1.572424487
-32.33881101,0.16001973,4.83023E-07,1.573523539
-32.38883237,0.160109107,4.83023E-07,1.573523539
-32.43885373,0.160119579,4.83023E-07,1.573523539
-32.48887509,0.160121373,4.83023E-07,1.573523539
-32.53889646,0.160000094,4.83023E-07,1.573543825
-32.58891782,0.159980296,4.83023E-07,1.574000378
-32.63893918,0.159997757,4.83023E-07,1.574000378
-32.68896055,0.16001973,4.83023E-07,1.574158246
-32.73898191,0.160049862,4.83023E-07,1.575003301
-32.78900327,0.160086649,4.83023E-07,1.576110858
-32.83902463,0.160119579,4.83023E-07,1.576110858
-32.889046,0.160608428,4.83023E-07,1.579047796
-32.93906736,0.160709213,4.83023E-07,1.580884076
-32.98908872,0.160406454,4.83023E-07,1.581391367
-33.03911008,0.160547777,4.83023E-07,1.59900318
-33.08913145,0.160650003,4.83023E-07,1.601971179
-33.13915281,0.160651414,4.83023E-07,1.602182467
-33.18917417,0.160880614,4.83023E-07,1.613642299
-33.23919554,0.163032802,4.83023E-07,1.8189486
-33.2892169,0.173292192,4.83023E-07,3.254617833
-33.33923826,0.189437482,2.53376E-05,3.585894006
-33.38925962,0.193835342,2.53376E-05,3.64555761
-33.43928099,0.194064041,2.53376E-05,3.64555761
-33.48930235,0.194834785,2.53376E-05,3.647039308
-33.53932371,0.199968886,2.53376E-05,3.682668787
-33.58934507,0.202200997,5.89756E-05,3.683509791
-33.63936644,0.203595571,5.89756E-05,3.686580356
-33.6893878,0.203648308,5.89756E-05,3.686580356
-33.73940916,0.20431479,5.89756E-05,3.686580356
-33.78943053,0.204888395,5.89756E-05,3.686814152
-33.83945189,0.204319368,5.89756E-05,3.686814152
-33.88947325,0.204920129,5.89756E-05,3.686814152
-33.93949461,0.205284986,5.89756E-05,3.686814152
-33.98951598,0.237776758,5.89756E-05,3.701950227
-34.03953734,0.238210864,5.89756E-05,3.701950227
-34.0895587,0.238435491,5.89756E-05,3.701950227
-34.13958006,0.238659812,5.89756E-05,3.701950227
-34.18960143,0.239647291,5.89756E-05,3.7020966
-34.23962279,0.239824944,5.89756E-05,3.700148354
-34.28964415,0.240397119,5.89756E-05,3.700506847
-34.33966552,0.249746012,5.89756E-05,4.073651475
-34.38968688,0.240207393,5.89756E-05,4.006585807
-34.43970824,0.239966668,5.89756E-05,4.005456748
-34.4897296,0.239914745,5.89756E-05,4.005456748
-34.53975097,0.240168263,5.89756E-05,4.004703339
-34.58977233,0.238091568,5.89756E-05,3.995050718
-34.63979369,0.228783148,5.89756E-05,3.939343575
-34.68981505,0.235654498,5.89756E-05,3.945526479
-34.73983642,0.234819672,5.89756E-05,3.941979774
-34.78985778,0.271664111,5.89756E-05,3.964630611
-34.83987914,0.271150628,5.89756E-05,3.962280787
-34.88990051,0.271205532,5.89756E-05,3.962280787
-34.93992187,0.252807001,5.89756E-05,3.894086283
-34.98994323,0.252929497,5.89756E-05,3.894434106
-35.03996459,0.253089762,5.89756E-05,3.894434106
-35.08998596,0.255623114,5.89756E-05,3.993897153
-35.14000732,0.255857418,5.89756E-05,3.993897153
-35.19002868,0.257085918,5.89756E-05,3.993897153
-35.24005004,0.256119649,5.89756E-05,3.993897153
-35.29007141,0.256537579,5.89756E-05,3.993610795
-35.34009277,0.256526821,5.89756E-05,3.995050718
-35.39011413,0.282836877,0.000389591,4.925413213
-35.4401355,0.282597116,0.000389591,4.925413213
-35.49015686,0.291087703,0.000389591,5.218935042
-35.54017822,0.290191853,0.000389591,5.218935042
-35.59019958,0.288975478,0.000389591,5.218935042
-35.64022095,0.280868177,0.000389591,5.218935042
-35.69024231,0.280832545,0.000389591,5.218935042
-35.74026367,0.280499887,0.000389591,5.218935042
-35.79028503,0.278730132,0.000389591,5.218760484
-35.8403064,0.278322,0.000389591,5.218760484
-35.89032776,0.27810206,0.000389591,5.218760484
-35.94034912,0.274655095,0.000389591,5.218760484
-35.99037049,0.273309446,0.000389591,5.218760484
-36.04039185,0.272061214,0.000389591,5.218760484
-36.09041321,0.27020794,0.000389591,5.217650418
-36.14043457,0.270007471,0.000389591,5.217650418
-36.19045594,0.269943126,0.000389591,5.217650418
-36.2404773,0.269195499,0.000420162,5.217650418
-36.29049866,0.268033857,0.000420162,5.217650418
-36.34052002,0.266700097,0.000389591,5.215104854
-36.39054139,0.266920205,0.000389591,5.215104854
-36.44056275,0.267016593,0.000389591,5.215104854
-36.49058411,0.266864209,0.000389591,5.215104854
-36.54060548,0.265968482,0.000389591,5.215104854
-36.59062684,0.265906702,0.000389591,5.215104854
-36.6406482,0.265899792,0.000389591,5.215104854
-36.69066956,0.265397649,0.000389591,5.215104854
-36.74069093,0.265428237,0.000389591,5.215104854
-36.79071229,0.265416827,0.000389591,5.215104854
-36.84073365,0.264686817,0.000389591,5.215104854
-36.89075501,0.263981124,0.000389591,5.215104854
-36.94077638,0.264137816,0.000389591,5.215104854
-36.99079774,0.264229678,0.000420162,5.217650418
-37.0408191,0.263293702,0.000420162,5.217650418
-37.09084047,0.263201653,0.000420162,5.217650418
-37.14086183,0.263211945,0.000389591,5.217650418
-37.19088319,0.263230991,0.000389591,5.214588899
-37.24090455,0.263189105,0.000389591,5.214588899
-37.29092592,0.263197153,0.000389591,5.213294829
-37.34094728,0.262869395,0.000389591,5.213294829
-37.39096864,0.262949186,0.000389591,5.213294829
-37.44099,0.263068352,0.000389591,5.213294829
-37.49101137,0.263211945,0.000389591,5.213294829
-37.54103273,0.26323318,0.000389591,5.213294829
-37.59105409,0.263227197,0.000389591,5.213294829
-37.64107546,0.26312962,0.000389591,5.214588899
-37.69109682,0.263042265,0.000389591,5.214588899
-37.74111818,0.263028938,0.000389591,5.214588899
-37.79113954,0.263061916,0.000389591,5.213294829
-37.84116091,0.262907349,0.000389591,5.213294829
-37.89118227,0.26292062,0.000389591,5.214588899
-37.94120363,0.262949186,0.000389591,5.214588899
-37.991225,0.262907349,0.000389591,5.214588899
-38.04124636,0.262944496,0.000389591,5.214588899
-38.09126772,0.263065239,0.000389591,5.215104854
-38.14128908,0.26236891,0.000389591,5.215104854
-38.19131045,0.262380966,0.000389591,5.215104854
-38.24133181,0.262581751,0.000389591,5.215104854
-38.29135317,0.262573912,0.000389591,5.215104854
-38.34137453,0.262575889,0.000389591,5.215104854
-38.3913959,0.262471374,0.000389591,5.215104854
-38.44141726,0.262443607,0.000389591,5.215104854
-38.49143862,0.262496828,0.000389591,5.215104854
-38.54145999,0.26250024,0.000389591,5.215104854
-38.59148135,0.262507201,0.000389591,5.215104854
-38.64150271,0.26250024,0.000389591,5.215104854
-38.69152407,0.262426298,0.000389591,5.215104854
-38.74154544,0.262443607,0.000389591,5.215104854
-38.7915668,0.262456936,0.000389591,5.215104854
-38.84158816,0.262471374,0.000389591,5.215104854
-38.89160952,0.26249188,0.000389591,5.215104854
-38.94163089,0.26250024,0.000389591,5.215104854
-38.99165225,0.262496828,0.000389591,5.215104854
-39.04167361,0.262496828,0.000389591,5.215104854
-39.09169498,0.262512797,0.000389591,5.215104854
-39.14171634,0.262507201,0.000389591,5.215104854
-39.1917377,0.262496828,0.000389591,5.215104854
-39.24175906,0.262493599,0.000389591,5.215104854
-39.29178043,0.196916551,0.000389591,1.676097386
-39.34180179,0.196163815,0.000389591,1.674715994
-39.39182315,0.196155806,0.000389591,1.674715994
-39.44184451,0.196158925,0.000389591,1.674516935
-39.49186588,0.196172611,0.000389591,1.674715994
-39.54188724,0.196157755,0.000389591,1.674715994
-39.5919086,0.19618041,0.000389591,1.675175573
-39.64192997,0.19618041,0.000389591,1.675252918
-39.69195133,0.196179252,0.000389591,1.675585054
-39.74197269,0.196179252,0.000389591,1.675252918
-39.79199405,0.196179252,0.000389591,1.675430562
-39.84201542,0.19618041,0.000389591,1.675585054
-39.89203678,0.196117467,0.000389591,1.675585054
-39.94205814,0.195339911,0.000389591,1.675175573
-39.9920795,0.195328158,0.000389591,1.675175573
-40.04210087,0.195339911,0.000389591,1.675175573
-40.09212223,0.195241013,0.000389591,1.675077945
-40.14214359,0.195214167,0.000389591,1.675175573
-40.19216496,0.19522201,0.000389591,1.675175573
-40.24218632,0.195246336,0.000389591,1.675252918
-40.29220768,0.195097889,0.000389591,1.675175573
-40.34222904,0.19507386,0.000389591,1.675175573
-40.39225041,0.19507386,0.000389591,1.675430562
-40.44227177,0.195087049,0.000389591,1.675585054
-40.49229313,0.194926038,0.000389591,1.67572744
-40.54231449,0.194930629,0.000389591,1.676058956
-40.59233586,0.194937135,0.000389591,1.676058956
-40.64235722,0.194937135,0.000389591,1.676058956
-40.69237858,0.194952595,0.000389591,1.676097386
-40.74239995,0.194912749,0.000389591,1.676097386
-40.79242131,0.194782399,0.000389591,1.676097386
-40.84244267,0.194778967,0.000389591,1.676481681
-40.89246403,0.194782399,0.000389591,1.676674417
-40.9424854,0.194782399,0.000389591,1.676761578
-40.99250676,0.194782399,0.000389591,1.677731576
-41.04252812,0.194797973,0.000389591,1.677731576
-41.09254948,0.194797973,0.000389591,1.677731576
-41.14257085,0.194701545,0.000389591,1.677731576
-41.19259221,0.194577192,0.000389591,1.677731576
-41.24261357,0.194500383,0.000389591,1.676761578
-41.29263494,0.194496028,0.000389591,1.676761578
-41.3426563,0.194471327,0.000389591,1.677731576
-41.39267766,0.194454067,0.000389591,1.677731576
-41.44269902,0.194429507,0.000389591,1.677976881
-41.49272039,0.194294624,0.000389591,1.678193357
-41.54274175,0.194286705,0.000389591,1.678455161
-41.59276311,0.194236529,0.000389591,1.678455161
-41.64278447,0.194206073,0.000389591,1.678455161
-41.69280584,0.194208079,0.000389591,1.678455161
-41.7428272,0.194143003,0.000420162,1.67855998
-41.79284856,0.194085896,0.000420162,1.67855998
-41.84286993,0.194082733,0.000389591,1.678623077
-41.89289129,0.194079256,0.000389591,1.678623077
-41.94291265,0.194079256,0.000389591,1.678623077
-41.99293401,0.194000239,0.000420162,1.678455161
-42.04295538,0.193990188,0.000389591,1.681145917
-42.09297674,0.193717382,0.000389591,1.681570513
-42.1429981,0.193732419,0.000389591,1.681570513
-42.19301946,0.193757331,0.000389591,1.681845675
-42.24304083,0.193753447,0.000389591,1.681845675
-42.29306219,0.192956772,0.000389591,1.681845675
-42.34308355,0.192951671,0.000389591,1.681845675
-42.39310492,0.192926814,0.000389591,1.682249696
-42.44312628,0.192816085,0.000389591,1.683019252
-42.49314764,0.192791622,0.000389591,1.683019252
-42.543169,0.192819812,0.000389591,1.684337106
-42.59319037,0.192819812,0.000389591,1.684861159
-42.64321173,0.192849,0.000389591,1.68542192
-42.69323309,0.192823799,0.000389591,1.686444534
-42.74325445,0.192807619,0.000420162,1.687185946
-42.79327582,0.192736476,0.000389591,1.687185946
-42.84329718,0.192742139,0.000389591,1.690211993
-42.89331854,0.192680484,0.000389591,1.690461876
-42.94333991,0.192520184,0.000389591,1.690461876
-42.99336127,0.192518738,0.000389591,1.691059196
-43.04338263,0.192490044,0.000389591,1.691161737
-43.09340399,0.192490044,0.000389591,1.691804928
-43.14342536,0.19246936,0.000389591,1.691804928
-43.19344672,0.192324693,0.000389591,1.691731809
-43.24346808,0.19226114,0.000389591,1.691558721
-43.29348944,0.19226114,0.000389591,1.691645792
-43.34351081,0.192262685,0.000420162,1.691731809
-43.39353217,0.192276133,0.000389591,1.691804928
-43.44355353,0.192219617,0.000420162,1.691731809
-43.4935749,0.192213312,0.000389591,1.691804928
-43.54359626,0.192203318,0.000389591,1.691804928
-43.59361762,0.192185643,0.000389591,1.691804928
-43.64363898,0.192177905,0.000389591,1.691804928
-43.69366035,0.192194917,0.000389591,1.691804928
-43.74368171,0.192209631,0.000420162,1.692125431
-43.79370307,0.192005746,0.000389591,1.692325996
-43.84372443,0.192023619,0.000389591,1.692537874
-43.8937458,0.192044452,0.000389591,1.692859429
-43.94376716,0.192077056,0.000389591,1.693480811
-43.99378852,0.191958723,0.000389591,1.696664752
-44.04380989,0.191963122,0.000389591,1.696664752
-44.09383125,0.192005746,0.000389591,1.696664752
-44.14385261,0.192023619,0.000389591,1.696807838
-44.19387397,0.192044452,0.000389591,1.696952117
-44.24389534,0.191999487,0.000389591,1.696952117
-44.2939167,0.191999487,0.000389591,1.697659065
-44.34393806,0.192005746,0.000389591,1.697890531
-44.39395942,0.192005746,0.000420162,1.698912227
-44.44398079,0.192005746,0.000420162,1.698912227
-44.49400215,0.191963122,0.000389591,1.697890531
-44.54402351,0.192001572,0.000420162,1.698912227
-44.59404488,0.191995967,0.000389591,1.698912227
-44.64406624,0.192005746,0.000420162,1.698912227
-44.6940876,0.192001572,0.000389591,1.698912227
-44.74410896,0.192013172,0.000389591,1.699648896
-44.79413033,0.192102181,0.000389591,1.702022923
-44.84415169,0.191914204,0.000420162,1.701615745
-44.89417305,0.191947445,0.000389591,1.702930994
-44.94419441,0.191885114,0.000389591,1.702930994
-44.99421578,0.191896446,0.000389591,1.703285403
-45.04423714,0.191888029,0.000389591,1.703285403
-45.0942585,0.191908948,0.000389591,1.703970363
-45.14427987,0.191736456,0.000389591,1.703970363
-45.19430123,0.191700283,0.000389591,1.703970363
-45.24432259,0.191624869,0.000389591,1.699950993
-45.29434395,0.191635234,0.000389591,1.699950993
-45.34436532,0.1916379,0.000389591,1.699950993
-45.39438668,0.191639467,0.000389591,1.699950993
-45.44440804,0.191499508,0.000389591,1.700528613
-45.4944294,0.191490071,0.000389591,1.701045307
-45.54445077,0.191513503,0.000389591,1.701045307
-45.59447213,0.191590818,0.000420162,1.701615745
-45.64449349,0.191409206,0.000389591,1.702022923
-45.69451486,0.191409206,0.000389591,1.702022923
-45.74453622,0.191443133,0.000389591,1.702930994
-45.79455758,0.191443133,0.000389591,1.703970363
-45.84457894,0.191443133,0.000389591,1.705566999
-45.89460031,0.191464331,0.000389591,1.705845221
-45.94462167,0.191466681,0.000389591,1.707140301
-45.99464303,0.191464331,0.000511466,1.707903992
-46.04466439,0.19147221,0.00045696,1.707903992
-46.09468576,0.191490071,0.000420162,1.707903992
-46.14470712,0.191513503,0.000389591,1.708334391
-46.19472848,0.191521973,0.000389591,1.708334391
-46.24474985,0.191499508,0.000389591,1.708334391
-46.29477121,0.191513503,0.000389591,1.708334391
-46.34479257,0.191521973,0.000389591,1.708334391
-46.39481393,0.191516385,0.000389591,1.708334391
-46.4448353,0.191535204,0.000389591,1.708334391
-46.49485666,0.19114477,0.000389591,1.70842302
-46.54487802,0.191160998,0.000389591,1.709364157
-46.59489938,0.191147961,0.000389591,1.709565537
-46.64492075,0.191160998,0.000389591,1.709565537
-46.69494211,0.19116754,0.00045696,1.70988704
-46.74496347,0.191124869,0.00045696,1.70988704
-46.79498484,0.191125591,0.00045696,1.70988704
-46.8450062,0.190692641,0.000389591,1.705689644
-46.89502756,0.19054369,0.000389591,1.70128786
-46.94504892,0.190544798,0.000389591,1.701405697
-46.99507029,0.18963916,0.000389591,1.696075557
-47.04509165,0.189643856,0.000389591,1.696075557
-47.09511301,0.189651899,0.000389591,1.696075557
-47.14513438,0.189392194,0.000389591,1.694903129
-47.19515574,0.189316369,0.000389591,1.691470548
-47.2451771,0.189316369,0.000389591,1.691277891
-47.29519846,0.188930408,0.000389591,1.690952833
-47.34521983,0.187589344,0.000389591,1.674886315
-47.39524119,0.187567618,0.000389591,1.670758553
-47.44526255,0.187524046,0.000389591,1.671241024
-47.49528391,0.186449227,0.000389591,1.658888953
-47.54530528,0.186449227,0.000389591,1.658888953
-47.59532664,0.185547374,0.000363893,1.655399793
-47.645348,0.184959891,0.000250722,1.648503745
-47.69536937,0.1822594,0.000250722,1.630975636
-47.74539073,0.18213216,0.000250722,1.623899413
-47.79541209,0.179091882,0.000174315,1.58539477
-47.84543345,0.17696612,0.000174315,1.559843854
-47.89545482,0.176142846,0.000174315,1.550964142
-47.94547618,0.173814473,0.000174315,1.537671615
-47.99549754,0.173821933,0.000174315,1.537712748
-48.0455189,0.173652438,0.000174315,1.537171088
-48.09554027,0.17240462,0.000174315,1.525812815
-48.14556163,0.172396856,0.000174315,1.525869828
-48.19558299,0.17240462,0.000174315,1.52615609
-48.24560436,0.170387745,0.000174315,1.514357285
-48.29562572,0.170008605,0.000174315,1.51002057
-48.34564708,0.169723364,0.000174315,1.503488121
-48.39566844,0.169724139,0.000174315,1.503488121
-48.44568981,0.16961886,0.000174315,1.503996411
-48.49571117,0.169063419,0.000174315,1.494661369
-48.54573253,0.168842246,0.000174315,1.491968169
-48.59575389,0.168848948,0.000193395,1.492563535
-48.64577526,0.168848948,0.000174315,1.492563535
-48.69579662,0.168768522,0.000174315,1.493504685
-48.74581798,0.168759982,0.000174315,1.49360598
-48.79583935,0.168710538,0.000174315,1.492119852
-48.84586071,0.168693834,0.000174315,1.491791475
-48.89588207,0.168680946,0.000174315,1.491943204
-48.94590343,0.168599934,0.000174315,1.491578052
-48.9959248,0.168607049,0.000174315,1.491578052
-49.04594616,0.168572428,0.000174315,1.491791475
-49.09596752,0.168544667,0.000174315,1.491943204
-49.14598888,0.168375408,0.000193395,1.489909742
-49.19601025,0.168385356,0.000193395,1.489909742
-49.24603161,0.167971518,0.000193395,1.489909742
-49.29605297,0.167471575,0.000174315,1.489859629
-49.34607434,0.1672404,0.000174315,1.487511558
-49.3960957,0.167238295,0.000208588,1.487971262
-49.44611706,0.167231227,0.000208588,1.487971262
-49.49613842,0.167227521,0.000174315,1.488618538
-49.54615979,0.167203319,0.000174315,1.488754888
-49.59618115,0.167204827,0.000174315,1.489111893
-49.64620251,0.167202675,0.000174315,1.48934007
-49.69622387,0.167146394,0.000174315,1.489111893
-49.74624524,0.167138951,0.000174315,1.489111893
-49.7962666,0.167146394,0.000174315,1.48934007
-49.84628796,0.167063197,0.000174315,1.489479141
-49.89630933,0.167056088,0.000174315,1.489742278
-49.94633069,0.167052018,0.000193395,1.489909742
-49.99635205,0.167014562,0.000174315,1.490149324
-50.04637341,0.167014562,0.000174315,1.491079309
-50.09639478,0.166986694,0.000174315,1.491943204
-50.14641614,0.166948143,0.000174315,1.492119852
-50.1964375,0.166795389,0.000174315,1.492119852
-50.24645886,0.166726228,0.000193395,1.492563535
-50.29648023,0.166721863,0.000174315,1.492945882
-50.34650159,0.166685511,0.000193395,1.494020719
-50.39652295,0.166682812,0.000174315,1.494020719
-50.44654432,0.166525912,0.000174315,1.495018251
-50.49656568,0.166469729,0.000174315,1.495400142
-50.54658704,0.166464917,0.000174315,1.497445323
-50.5966084,0.166463098,0.000174315,1.497633606
-50.64662977,0.166346173,0.000174315,1.500159339
-50.69665113,0.166346173,0.000174315,1.50370407
-50.74667249,0.166338295,0.000174315,1.503775689
-50.79669385,0.166340195,0.000174315,1.503775689
-50.84671522,0.16632406,0.000174315,1.503775689
-50.89673658,0.16632734,0.000174315,1.504167955
-50.94675794,0.16632734,0.000174315,1.504190622
-50.99677931,0.16633181,0.000174315,1.504190622
-51.04680067,0.166412817,0.000174315,1.504395959
-51.09682203,0.166270943,0.000174315,1.504323732
-51.14684339,0.166263464,0.000174315,1.505222323
-51.19686476,0.166251134,0.000174315,1.507170449
-51.24688612,0.166193264,0.000174315,1.507229352
-51.29690748,0.166189767,0.000174315,1.507575794
-51.34692884,0.166198734,0.000174315,1.508934216
-51.39695021,0.166181874,0.000174315,1.508934216
-51.44697157,0.166181874,0.000174315,1.509191484
-51.49699293,0.166263464,0.000174315,1.509263146
-51.5470143,0.166252007,0.000174315,1.509379321
-51.59703566,0.166242099,0.000174315,1.510401886
-51.64705702,0.166084051,0.000174315,1.51107679
-51.69707838,0.166073051,0.000174315,1.51107679
-51.74709975,0.166082167,0.000174315,1.514812923
-51.79712111,0.166239692,0.000174315,1.515498117
-51.84714247,0.166251134,0.000174315,1.515710251
-51.89716383,0.166252007,0.000174315,1.51629192
-51.9471852,0.166248413,0.000174315,1.51629192
-51.99720656,0.166248413,0.000193395,1.516770717
-52.04722792,0.16625701,0.000174315,1.516770717
-52.09724929,0.166248413,0.000174315,1.518461809
-52.14727065,0.166268026,0.000174315,1.519917781
-52.19729201,0.166273706,0.000174315,1.525200654
-52.24731337,0.166286837,0.000174315,1.526403998
-52.29733474,0.166296194,0.000174315,1.529569097
-52.3473561,0.166300827,0.000174315,1.529760218
-52.39737746,0.166286837,0.000174315,1.530090692
-52.44739882,0.166295685,0.000174315,1.531965633
-52.49742019,0.166273706,0.000174315,1.534102846
-52.54744155,0.166270943,0.000174315,1.534634992
-52.59746291,0.166268026,0.000174315,1.53660392
-52.64748428,0.166265987,0.000174315,1.537602593
-52.69750564,0.16625701,0.000174315,1.537671615
-52.747527,0.166252007,0.000174315,1.539053867
-52.79754836,0.166263464,0.000174315,1.539756319
-52.84756973,0.166265987,0.000174315,1.54035413
-52.89759109,0.166268026,0.000174315,1.541465838
-52.94761245,0.166313428,0.000174315,1.543102175
-52.99763381,0.166319949,0.000174315,1.544201938
-53.04765518,0.166300827,0.000174315,1.546640584
-53.09767654,0.166300827,0.000174315,1.547005638
-53.1476979,0.166313428,0.000174315,1.547097844
-53.19771927,0.166323768,0.000174315,1.547168969
-53.24774063,0.16632406,0.000174315,1.547703506
-53.29776199,0.16632406,0.000174315,1.547731401
-53.34778335,0.166323768,0.000174315,1.547750604
-53.39780472,0.16633181,0.000174315,1.548284657
-53.44782608,0.166336044,0.000174315,1.54848604
-53.49784744,0.166339138,0.000174315,1.54875349
-53.5478688,0.166341635,0.000174315,1.549450004
-53.59789017,0.166343983,0.000174315,1.549450004
-53.64791153,0.16636924,0.000174315,1.549811882
-53.69793289,0.166412817,0.000174315,1.550509262
-53.74795426,0.166439212,0.000174315,1.551112828
-53.79797562,0.166439212,0.000174315,1.551112828
-53.84799698,0.166443926,0.000174315,1.55178917
-53.89801834,0.166448536,0.000174315,1.552208846
-53.94803971,0.166460541,0.000174315,1.552208846
-53.99806107,0.166448536,0.000174315,1.552361758
-54.04808243,0.166463098,0.000174315,1.552361758
-54.09810379,0.166443926,0.000174315,1.553597125
-54.14812516,0.166460541,0.000174315,1.554920393
-54.19814652,0.166443926,0.000174315,1.555352113
-54.24816788,0.1664537,0.000174315,1.555352113
-54.29818925,0.1664537,0.000174315,1.555352113
-54.34821061,0.166464917,0.000174315,1.555819082
-54.39823197,0.166469729,0.000174315,1.555819082
-54.44825333,0.166464917,0.000174315,1.556598419
-54.4982747,0.166468041,0.000174315,1.557740656
-54.54829606,0.166474663,0.000174315,1.558676699
-54.59831742,0.166480301,0.000174315,1.560322546
-54.64833878,0.1664976,0.000174315,1.561200777
-54.69836015,0.166515311,0.000174315,1.561200777
-54.74838151,0.166530367,0.000174315,1.562639777
-54.79840287,0.166528053,0.000174315,1.562806088
-54.84842424,0.166528053,0.000174315,1.56432128
-54.8984456,0.166550878,0.000174315,1.5647882
-54.94846696,0.166540415,0.000174315,1.565918977
-54.99848832,0.166530367,0.000174315,1.56652995
-55.04850969,0.166528053,0.000174315,1.56814803
-55.09853105,0.166530367,0.000193395,1.568693326
-55.14855241,0.166551925,0.000193395,1.568618919
-55.19857377,0.166566333,0.000174315,1.569120241
-55.24859514,0.166567904,0.000174315,1.570195207
-55.2986165,0.166605294,0.000174315,1.570361223
-55.34863786,0.166605294,0.000174315,1.57065469
-55.39865923,0.166650392,0.000174315,1.571070483
-55.44868059,0.16664551,0.000174315,1.573543825
-55.49870195,0.166660771,0.000174315,1.574158246
-55.54872331,0.166681439,0.000174315,1.574474893
-55.59874468,0.166675494,0.000174315,1.576039272
-55.64876604,0.166685999,0.000174315,1.57797898
-55.6987874,0.166694624,0.000174315,1.579047796
-55.74880876,0.166694624,0.000174315,1.580692375
-55.79883013,0.166719467,0.000174315,1.580900634
-55.84885149,0.166719467,0.000174315,1.581716724
-55.89887285,0.166726228,0.000174315,1.584764769
-55.94889422,0.166726228,0.000174315,1.585123521
-55.99891558,0.166731939,0.000174315,1.587552212
-56.04893694,0.16673302,0.000174315,1.588862426
-56.0989583,0.166737223,0.000174315,1.591736556
-56.14897967,0.166745084,0.000174315,1.592423164
-56.19900103,0.166759235,0.000174315,1.596664264
-56.24902239,0.166766836,0.000174315,1.59852346
-56.29904375,0.166786123,0.000174315,1.59900318
-56.34906512,0.166790841,0.000174315,1.600831252
-56.39908648,0.166793599,0.000193395,1.601653643
-56.44910784,0.166810085,0.000174315,1.602271605
-56.49912921,0.166816682,0.000174315,1.603069945
-56.54915057,0.166816682,0.000174315,1.603171632
-56.59917193,0.166810085,0.000174315,1.605273317
-56.64919329,0.166821802,0.000174315,1.60667627
-56.69921466,0.166825706,0.000174315,1.607989756
-56.74923602,0.166821802,0.000174315,1.608611938
-56.79925738,0.166825706,0.000174315,1.608955621
-56.84927875,0.166840892,0.000174315,1.613082018
-56.89930011,0.166864249,0.000174315,1.613292908
-56.94932147,0.166840892,0.000174315,1.615225338
-56.99934283,0.166870795,0.000174315,1.61610475
-57.0493642,0.166847621,0.000174315,1.619169504
-57.09938556,0.166847621,0.000174315,1.621576863
-57.14940692,0.166864249,0.000174315,1.622546959
-57.19942828,0.166873814,0.000174315,1.623180245
-57.24944965,0.166891836,0.000174315,1.625075303
-57.29947101,0.166918117,0.000174315,1.625075303
-57.34949237,0.166942587,0.000174315,1.627119354
-57.39951374,0.166948143,0.000174315,1.628450707
-57.4495351,0.166948143,0.000174315,1.631990659
-57.49955646,0.166984609,0.000174315,1.634263917
-57.54957782,0.166991017,0.000174315,1.637823249
-57.59959919,0.167002662,0.000174315,1.638343488
-57.64962055,0.167014562,0.000174315,1.640878983
-57.69964191,0.167014562,0.000174315,1.645649677
-57.74966327,0.167022177,0.000174315,1.646943507
-57.79968464,0.167047364,0.000174315,1.647567984
-57.849706,0.167066996,0.000174315,1.649058739
-57.89972736,0.167098421,0.000174315,1.654937493
-57.94974873,0.167126767,0.000174315,1.657580162
-57.99977009,0.167128795,0.000174315,1.658642299
-58.04979145,0.167192495,0.000174315,1.661576423
-58.09981281,0.167201963,0.000174315,1.661992431
-58.14983418,0.167201248,0.000174315,1.666645081
-58.19985554,0.167202675,0.000174315,1.66750935
-58.2498769,0.167227521,0.000174315,1.668378533
-58.29989826,0.167218586,0.000174315,1.670000082
-58.34991963,0.167229523,0.000174315,1.671241024
-58.39994099,0.16723449,0.000174315,1.674516935
-58.44996235,0.167264623,0.000174315,1.675077945
-58.49998372,0.167289232,0.000174315,1.6805503
-58.55000508,0.16727747,0.000174315,1.681570513
-58.60002644,0.16727299,0.000174315,1.690952833
-58.6500478,0.167313235,0.000174315,1.691731809
-58.70006917,0.167324509,0.000193395,1.692859429
-58.75009053,0.167313235,0.000174315,1.694067626
-58.80011189,0.167321046,0.000174315,1.69901634
-58.85013325,0.167325434,0.000174315,1.702022923
-58.90015462,0.167349961,0.000174315,1.707370463
-58.95017598,0.167364971,0.000174315,1.715496992
-59.00019734,0.167388434,0.000174315,1.718160983
-59.05021871,0.167395184,0.000174315,1.722154126
-59.10024007,0.167395184,0.000174315,1.728190026
-59.15026143,0.167440693,0.000174315,1.730457255
-59.20028279,0.167438675,0.000193395,1.732883977
-59.25030416,0.167438675,0.000193395,1.734038445
-59.30032552,0.167462956,0.000174315,1.737737149
-59.35034688,0.167462956,0.000174315,1.740436768
-59.40036824,0.16757439,0.000174315,1.744201499
-59.45038961,0.16757439,0.000174315,1.751571422
-59.50041097,0.167587897,0.000174315,1.752544815
-59.55043233,0.167581338,0.000174315,1.755486338
-59.6004537,0.167601558,0.000174315,1.765582009
-59.65047506,0.167593581,0.000174315,1.766277515
-59.70049642,0.167612504,0.000174315,1.767691461
-59.75051778,0.167597512,0.000174315,1.7695925
-59.80053915,0.167624378,0.000174315,1.774216397
-59.85056051,0.16763917,0.000174315,1.780785617
-59.90058187,0.167655314,0.000174315,1.794411384
-59.95060323,0.167684598,0.000174315,1.804134199
-60.0006246,0.167848266,0.000174315,1.807420483
-60.05064596,0.167848266,0.000174315,1.817891969
-60.10066732,0.167892636,0.000174315,1.822625835
-60.15068869,0.167883708,0.000174315,1.822797618
-60.20071005,0.167902143,0.000174315,1.826511177
-60.25073141,0.167966636,0.000174315,1.835584002
-60.30075277,0.167985145,0.000174315,1.839548239
-60.35077414,0.168026187,0.000174315,1.845174275
-60.4007955,0.168063706,0.000174315,1.859288965
-60.45081686,0.168085223,0.000174315,1.873352416
-60.50083822,0.168109194,0.000174315,1.87689704
-60.55085959,0.168129437,0.000174315,1.881785057
-60.60088095,0.16816143,0.000174315,1.893045007
-60.65090231,0.168221737,0.000193395,1.895290298
-60.70092368,0.168202842,0.000174315,1.899363295
-60.75094504,0.168289532,0.000193395,1.906490125
-60.8009664,0.168276163,0.000174315,1.908769093
-60.85098776,0.168285274,0.000174315,1.91284425
-60.90100913,0.168329911,0.000174315,1.924986365
-60.95103049,0.168355731,0.000193395,1.932359065
-61.00105185,0.168363129,0.000174315,1.937196743
-61.05107321,0.168395727,0.000174315,1.951893954
-61.10109458,0.168417245,0.000174315,1.964123188
-61.15111594,0.168458994,0.000174315,1.979141626
-61.2011373,0.168531779,0.000174315,1.984037208
-61.25115867,0.168526973,0.000174315,1.986103385
-61.30118003,0.168561801,0.000174315,2.000019678
-61.35120139,0.168544667,0.000174315,2.009179166
-61.40122275,0.168597484,0.000174315,2.019019816
-61.45124412,0.168602005,0.000174315,2.025148799
-61.50126548,0.168597484,8.23536E-05,2.027257082
-61.55128684,0.16862368,8.23536E-05,2.03259555
-61.6013082,0.168680946,8.23536E-05,2.033341994
-61.65132957,0.168687811,8.23536E-05,2.034953335
-61.70135093,0.168714095,8.23536E-05,2.047731785
-61.75137229,0.168700758,8.23536E-05,2.069047172
-61.80139366,0.168715763,0.000132689,2.072310914
-61.85141502,0.16871654,0.000132689,2.07522618
-61.90143638,0.168697634,8.23536E-05,2.084440535
-61.95145774,0.16870762,8.23536E-05,2.087510287
-62.00147911,0.168736116,8.23536E-05,2.091133367
-62.05150047,0.168753113,8.23536E-05,2.098639279
-62.10152183,0.168753989,8.23536E-05,2.113693457
-62.15154319,0.168791378,8.23536E-05,2.121578261
-62.20156456,0.168918444,8.23536E-05,2.130849173
-62.25158592,0.168915211,8.23536E-05,2.139901883
-62.30160728,0.168991163,8.23536E-05,2.150806746
-62.35162865,0.168943839,8.23536E-05,2.164159371
-62.40165001,0.16890768,8.23536E-05,2.171147277
-62.45167137,0.169024893,8.23536E-05,2.18478746
-62.50169273,0.169087394,8.23536E-05,2.190146246
-62.5517141,0.169131028,8.23536E-05,2.201606566
-62.60173546,0.169269577,8.23536E-05,2.206239592
-62.65175682,0.169328635,8.23536E-05,2.21252569
-62.70177818,0.169304171,8.23536E-05,2.224768827
-62.75179955,0.169377078,8.23536E-05,2.231511904
-62.80182091,0.16941462,0.000132689,2.239437692
-62.85184227,0.169325167,8.23536E-05,2.245386638
-62.90186364,0.169328635,0.000132689,2.248820533
-62.951885,0.169486819,8.23536E-05,2.258382998
-63.00190636,0.169499504,8.23536E-05,2.268287964
-63.05192772,0.169550112,8.23536E-05,2.278030685
-63.10194909,0.169620172,8.23536E-05,2.294162016
-63.15197045,0.169692296,8.23536E-05,2.303539693
-63.20199181,0.169692296,0.000132689,2.313274821
-63.25201317,0.16975267,8.23536E-05,2.317965179
-63.30203454,0.169795904,8.23536E-05,2.324796586
-63.3520559,0.169857847,8.23536E-05,2.33862536
-63.40207726,0.169934722,8.23536E-05,2.349398461
-63.45209863,0.170039747,8.23536E-05,2.355285596
-63.50211999,0.169974195,8.23536E-05,2.370151476
-63.55214135,0.170032076,8.23536E-05,2.373999933
-63.60216271,0.170192208,0.000132689,2.377722121
-63.65218408,0.170256906,8.23536E-05,2.381948379
-63.70220544,0.170359765,0.000132689,2.396745714
-63.7522268,0.170478614,8.23536E-05,2.404837663
-63.80224816,0.170557965,8.23536E-05,2.416750577
-63.85226953,0.170584541,8.23536E-05,2.425049006
-63.90229089,0.170514879,8.23536E-05,2.43290064
-63.95231225,0.170933346,8.23536E-05,2.444094035
-64.00233362,0.17095681,8.23536E-05,2.450288528
-64.05235498,0.170952255,8.23536E-05,2.453052883
-64.10237634,0.170973041,0.000141915,2.456345654
-64.1523977,0.17103561,8.23536E-05,2.463050542
-64.20241907,0.171286943,8.23536E-05,2.47133644
-64.25244043,0.171388469,8.23536E-05,2.478366044
-64.30246179,0.171417771,8.23536E-05,2.481335463
-64.35248315,0.171425746,8.23536E-05,2.4854768
-64.40250452,0.171572666,8.23536E-05,2.488991693
-64.45252588,0.171576797,8.23536E-05,2.495029668
-64.50254724,0.171954816,8.23536E-05,2.51664067
-64.55256861,0.17213805,8.23536E-05,2.525772605
-64.60258997,0.17204618,8.23536E-05,2.524042596
-64.65261133,0.172206476,0.000132689,2.533713383
-64.70263269,0.172236379,8.23536E-05,2.542654039
-64.75265406,0.172257577,0.000132689,2.54681638
-64.80267542,0.172726221,0.000132689,2.550510674
-64.85269678,0.17299317,8.23536E-05,2.553447214
-64.90271814,0.173130771,8.23536E-05,2.564773857
-64.95273951,0.17309316,8.23536E-05,2.565718319
-65.00276087,0.173082016,8.23536E-05,2.567297605
-65.05278223,0.173211817,8.23536E-05,2.569684773
-65.1028036,0.17348646,8.23536E-05,2.57068945
-65.15282496,0.173374442,8.23536E-05,2.572699264
-65.20284632,0.173256936,8.23536E-05,2.572699264
-65.25286768,0.173548955,8.23536E-05,2.574317342
-65.30288905,0.173465235,8.23536E-05,2.575117546
-65.35291041,0.173762258,8.23536E-05,2.59051317
-65.40293177,0.173541877,0.000132689,2.590890496
-65.45295313,0.173544669,8.23536E-05,2.592118135
-65.5029745,0.173585471,8.23536E-05,2.594567771
-65.55299586,0.173338277,8.23536E-05,2.597109179
-65.60301722,0.173594787,8.23536E-05,2.605811425
-65.65303859,0.1732864,8.23536E-05,2.609750352
-65.70305995,0.173268164,8.23536E-05,2.611672138
-65.75308131,0.173099666,8.23536E-05,2.612347044
-65.80310267,0.173067456,8.23536E-05,2.612939599
-65.85312404,0.174971373,8.23536E-05,2.781313405
-65.9031454,0.175184949,8.23536E-05,2.783829415
-65.95316676,0.175131399,8.23536E-05,2.784908252
-66.00318813,0.175199965,0.000132689,2.787567733
-66.05320949,0.175112749,8.23536E-05,2.78762044
-66.10323085,0.174438539,8.23536E-05,2.78762044
-66.15325221,0.174422481,8.23536E-05,2.78762044
-66.20327358,0.174676279,8.23536E-05,2.790723899
-66.25329494,0.174594762,8.23536E-05,2.790899969
-66.3033163,0.174594762,8.23536E-05,2.793477471
-66.35333766,0.174409179,8.23536E-05,2.795261337
-66.40335903,0.174390203,8.23536E-05,2.796303324
-66.45338039,0.174599349,8.23536E-05,2.797733883
-66.50340175,0.178469249,0.000132689,3.095408481
-66.55342312,0.177925711,8.23536E-05,3.096980719
-66.60344448,0.177994641,0.000132689,3.097298916
-66.65346584,0.17845242,8.23536E-05,3.099573473
-66.7034872,0.17827882,8.23536E-05,3.100040767
-66.75350857,0.179047075,8.23536E-05,3.102646424
-66.80352993,0.178968653,8.23536E-05,3.102917499
-66.85355129,0.179071248,0.000132689,3.107134193
-66.90357265,0.178889359,0.000132689,3.107271558
-66.95359402,0.221182873,8.23536E-05,5.095560852
-67.00361538,0.220261757,8.23536E-05,5.095617339
-67.05363674,0.221203307,8.23536E-05,5.095617339
-67.10365811,0.232785698,8.23536E-05,5.096578613
-67.15367947,0.232894447,8.23536E-05,5.096578613
-67.20370083,0.239845077,8.23536E-05,5.097118842
-67.25372219,0.24505431,8.23536E-05,5.09737025
-67.30374356,0.243858012,8.23536E-05,5.09737025
-67.35376492,0.259800206,8.23536E-05,5.098169051
-67.40378628,0.258979887,8.23536E-05,5.098169051
-67.45380764,0.257645703,8.23536E-05,5.098169051
-67.50382901,0.25553881,8.23536E-05,5.099078553
-67.55385037,0.253837483,8.23536E-05,5.099078553
-67.60387173,0.253134441,8.23536E-05,5.099078553
-67.6538931,0.252991391,8.23536E-05,5.099078553
-67.70391446,0.253005578,8.23536E-05,5.099078553
-67.75393582,0.253466803,8.23536E-05,5.099078553
-67.80395718,0.262202636,8.23536E-05,5.099993216
-67.85397855,0.263795651,8.23536E-05,5.099993216
-67.90399991,0.261169448,8.23536E-05,5.100087536
-67.95402127,0.191417003,8.23536E-05,2.930196239
-68.00404263,0.197871207,8.23536E-05,2.992091842
-68.054064,0.200070978,8.23536E-05,3.035498185
-68.10408536,0.200887593,8.23536E-05,3.05308804
-68.15410672,0.200588386,8.23536E-05,3.053229791
-68.20412809,0.201808274,8.23536E-05,3.053229791
-68.25414945,0.200276531,8.23536E-05,3.054615427
-68.30417081,0.200549242,8.23536E-05,3.054615427
-68.35419217,0.198223732,0.000115504,3.056228751
-68.40421354,0.197331629,8.23536E-05,3.058053147
-68.4542349,0.197819918,1.60769E-05,3.05910387
-68.50425626,0.196490787,1.60769E-05,3.05910387
-68.55427762,0.197283978,1.60769E-05,3.059318905
-68.60429899,0.196826852,1.60769E-05,3.059813232
-68.65432035,0.196453695,1.60769E-05,3.068911322
-68.70434171,0.195264974,1.60769E-05,3.069970554
-68.75436308,0.194167837,1.60769E-05,3.071594612
-68.80438444,0.194583776,1.60769E-05,3.073635217
-68.8544058,0.194670075,1.60769E-05,3.077317756
-68.90442716,0.193051003,1.60769E-05,3.080232636
-68.95444853,0.195291575,1.60769E-05,3.083743094
-69.00446989,0.191075556,1.60769E-05,3.085816364
-69.05449125,0.190949503,1.60769E-05,3.087803064
-69.10451261,0.189683346,1.60769E-05,3.089289643
-69.15453398,0.187867766,2.72677E-05,3.091209089
-69.20455534,0.187835266,1.60769E-05,3.092499715
-69.2545767,0.188631987,1.60769E-05,3.092647201
-69.30459807,0.187948344,1.60769E-05,3.098780839
-69.35461943,0.187306773,1.60769E-05,3.100974869
-69.40464079,0.187792096,1.60769E-05,3.102253811
-69.45466215,0.188795804,1.60769E-05,3.105035888
-69.50468352,0.188967138,1.60769E-05,3.106318264
-69.55470488,0.188023451,1.60769E-05,3.111329284
-69.60472624,0.188160878,1.60769E-05,3.113515314
-69.6547476,0.188773519,1.60769E-05,3.118094997
-69.70476897,0.192012554,1.60769E-05,3.122270841
-69.75479033,0.192637437,1.60769E-05,3.124443258
-69.80481169,0.195428852,1.60769E-05,4.010503068
-69.85483306,0.194624219,1.60769E-05,4.015940602
-69.90485442,0.192947015,1.60769E-05,4.025882356
-69.95487578,0.194337946,1.60769E-05,4.042950584
-70.00489714,0.196136721,1.60769E-05,4.046880487
-70.05491851,0.196313236,1.60769E-05,4.047476371
-70.10493987,0.195776767,1.60769E-05,4.295802439
-70.15496123,0.195974967,1.60769E-05,4.295802439
-70.20498259,0.198772958,1.60769E-05,4.898196371
-70.25500396,0.199762893,1.60769E-05,4.898196371
-70.30502532,0.208758685,1.60769E-05,4.898196371
-70.35504668,0.214946053,1.60769E-05,4.898196371
-70.40506805,0.226352344,1.60769E-05,4.898196371
-70.45508941,0.23914053,1.60769E-05,4.898215229
-70.50511077,0.252447413,1.60769E-05,4.898215229
-70.55513213,0.261203659,1.60769E-05,4.898215229
-70.6051535,0.299011969,1.60769E-05,4.898389224
-70.65517486,0.400208801,1.60769E-05,4.898389224
-70.70519622,0.419527008,1.60769E-05,4.898389224
-70.75521758,0.452658512,1.60769E-05,4.898389224
-70.80523895,0.461565912,1.60769E-05,4.898787924
-70.85526031,0.462921839,1.60769E-05,4.898787924
-70.90528167,0.282498084,1.60769E-05,4.890855373
-70.95530304,0.231121381,1.60769E-05,4.878423065
-71.0053244,0.223976261,1.60769E-05,4.87839013
-71.05534576,0.221114423,1.60769E-05,4.87839013
-71.10536712,0.222545674,1.60769E-05,4.878423065
-71.15538849,0.225367981,1.60769E-05,4.878423065
-71.20540985,0.170501514,1.60769E-05,2.673448929
-71.25543121,0.170475913,1.60769E-05,2.673448929
-71.30545257,0.170762278,1.60769E-05,2.674270976
-71.35547394,0.171450085,1.60769E-05,2.675401435
-71.4054953,0.171452909,1.60769E-05,2.676492732
-71.45551666,0.171439879,1.60769E-05,2.676657342
-71.50553803,0.171432328,1.60769E-05,2.676985184
-71.55555939,0.171445159,1.60769E-05,2.677348882
-71.60558075,0.171448186,1.60769E-05,2.677187543
-71.65560211,0.171446892,1.60769E-05,2.677636402
-71.70562348,0.171348777,1.60769E-05,2.676543829
-71.75564484,0.171340252,1.60769E-05,2.676985184
-71.8056662,0.171340252,1.60769E-05,2.677348882
-71.85568756,0.171295033,1.60769E-05,2.677348882
-71.90570893,0.171295033,1.60769E-05,2.677886104
-71.95573029,0.171182673,1.60769E-05,2.678049723
-72.00575165,0.171288025,1.60769E-05,2.678290441
-72.05577302,0.171655464,1.60769E-05,2.701652866
-72.10579438,0.171674117,1.60769E-05,2.701800346
-72.15581574,0.171890196,1.60769E-05,2.707759231
-72.2058371,0.171836901,1.60769E-05,2.709428872
-72.25585847,0.171826532,1.60769E-05,2.709836612
-72.30587983,0.172660144,1.60769E-05,2.737503995
-72.35590119,0.172609274,1.60769E-05,2.737503995
-72.40592255,0.172625738,1.60769E-05,2.741217329
-72.45594392,0.172480324,1.60769E-05,2.740657158
-72.50596528,0.187550006,1.60769E-05,4.381164558
-72.55598664,0.187522848,1.60769E-05,4.381164558
-72.60600801,0.18755659,1.60769E-05,4.382769966
-72.65602937,0.187612476,1.60769E-05,4.382769966
-72.70605073,0.187617077,1.60769E-05,4.382769966
-72.75607209,0.187896922,1.60769E-05,4.398578477
-72.80609346,0.188026938,1.60769E-05,4.398578477
-72.85611482,0.189090283,1.60769E-05,4.415274797
-72.90613618,0.188920695,1.60769E-05,4.415274797
-72.95615754,0.18889669,1.60769E-05,4.415274797
-73.00617891,0.189004933,1.60769E-05,4.415274797
-73.05620027,0.189222885,1.60769E-05,4.431108466
-73.10622163,0.189248075,1.60769E-05,4.431108466
-73.156243,0.189333604,1.60769E-05,4.433787906
-73.20626436,0.189503796,1.60769E-05,4.435355926
-73.25628572,0.189533769,1.60769E-05,4.435355926
-73.30630708,0.19023544,1.60769E-05,4.445241806
-73.35632845,0.191152364,1.60769E-05,4.468102867
-73.40634981,0.19197376,1.60769E-05,4.483944105
-73.45637117,0.210948076,1.60769E-05,7.364115005
-73.50639253,0.212800585,1.60769E-05,7.364115005
-73.5564139,0.21769496,1.60769E-05,7.36575711
-73.60643526,0.231761785,1.60769E-05,7.36575711
-73.65645662,0.252276477,1.60769E-05,7.36575711
-73.70647799,0.286720189,7.94753E-05,8.021182349
-73.75649935,0.326019795,7.94753E-05,8.378028522
-73.80652071,0.35066776,7.94753E-05,8.378028522
-73.85654207,0.375985564,8.23536E-05,8.378028522
-73.90656344,0.387817849,8.23536E-05,8.378028522
-73.9565848,0.413525283,8.23536E-05,8.378028522
-74.00660616,0.423814422,8.23536E-05,8.378028522
-74.05662752,0.448895204,8.23536E-05,8.378028522
-74.10664889,0.457524825,8.23536E-05,8.378028522
-74.15667025,0.467025525,8.23536E-05,8.378028522
-74.20669161,0.475521369,8.23536E-05,8.378028522
-74.25671298,0.490659034,8.23536E-05,8.378028522
-74.30673434,0.49235036,8.23536E-05,8.378028522
-74.3567557,0.513381286,8.23536E-05,8.378028522
-74.40677706,0.515675444,8.23536E-05,8.378028522
-74.45679843,0.520422167,8.23536E-05,8.378028522
-74.50681979,0.527464431,8.23536E-05,8.378028522
-74.55684115,0.530283361,8.23536E-05,8.378028522
-74.60686251,0.606558813,0.000115504,8.37711839
-74.65688388,0.596047244,0.000115504,8.37711839
-74.70690524,0.319514988,6.81054E-05,8.37711839
-74.7569266,0.281626384,6.81054E-05,8.37711839
-74.80694797,0.261496034,6.81054E-05,8.37711839
-74.85696933,0.252591438,6.81054E-05,8.37711839
-74.90699069,0.269395883,6.81054E-05,8.374341688
-74.95701205,0.264873388,6.81054E-05,8.374341688
-75.00703342,0.280874125,6.81054E-05,8.373916474
-75.05705478,0.304122151,6.81054E-05,8.373916474
-75.10707614,0.324159504,6.81054E-05,8.373916474
-75.1570975,0.382206352,6.81054E-05,8.373916474
-75.20711887,0.385595084,6.81054E-05,8.373916474
-75.25714023,0.427307873,6.81054E-05,8.373916474
-75.30716159,0.438184423,6.81054E-05,8.373916474
-75.35718296,0.434542218,6.81054E-05,8.373916474
-75.40720432,0.434816236,6.81054E-05,8.373916474
